Workbook

Sheet ProjectSheet
A1: Project | B1: Lower School Concept Design | C1: PROGRAMMING DOCUMENT
A2: Client | B2: Shorecrest Prep | C2: Revisions to the previous program highlighted in grey.
A3: Date | B3: 46113
A4: Revision | B4: 2
A5: Proj No | B5: 27520
A7: Dept No | B7: Program Element | C7: Room Qty/ Units | D7: Net SF/ Units | E7: Total Program SF | F7: Design Capacity / Student Stations | G7: Total Stations | H7: Notes/Comments | I7: School Questions
A8: 1 | B8: Core Curricula - Classrooms | H8: (20) existing classrooms (excluding specials) | I8: consider cubbies.
A9: 1.1 | B9: Classroom - K | C9: 4 | D9: 850 | E9: 3400 | F9: 16 | G9: 64 | H9: Relocated from Manning, smaller size (existing ~800sf); first floor | I9: configuration more like ES?
A10: 1.1.1 | B10: Restroom | C10: 4 | D10: 50 | E10: 200 | H10: (1) per classroom
A11: 1.1.2 | B11: Vestibule | C11: 4 | D11: 50 | E11: 200 | H11: connecting classrooms/RRs
A12: 1.2 | B12: Classroom - 1 | C12: 4 | D12: 850 | E12: 3400 | F12: 16 | G12: 64 | H12: Relocated from Manning, smaller size (existing ~850sf); first floor
A13: 1.2.1 | B13: Restroom | C13: 4 | D13: 50 | E13: 200 | H13: (1) per classroom
A14: 1.2.2 | B14: Vestibule | C14: 4 | D14: 50 | E14: 200 | H14: connecting classrooms/RRs
A15: 1.3 | B15: Classroom - 2 | C15: 4 | D15: 850 | E15: 3400 | F15: 16 | G15: 64 | H15: Relocated from Manning, similar size
A16: 1.3.1 | B16: Restroom | C16: 4 | D16: 50 | E16: 200 | H16: (1) per classroom
A17: 1.3.2 | B17: Vestibule | C17: 4 | D17: 50 | E17: 200 | H17: connecting classrooms/RRs
A18: 1.4 | B18: Classroom - 3 | C18: 4 | D18: 850 | E18: 3400 | F18: 16 | G18: 64 | H18: Relocated from Manning, similar size
A19: 1.4.1 | B19: Restroom | C19: 4 | D19: 50 | E19: 200 | H19: (1) per classroom
A20: 1.4.2 | B20: Vestibule | C20: 4 | D20: 50 | E20: 200 | H20: connecting classrooms/RRs
A21: 1.5 | B21: Classroom - 4 | C21: 4 | D21: 850 | E21: 3400 | F21: 16 | G21: 64 | H21: Relocated from Manning, similar size
A22: 1.5.1 | B22: Restroom | C22: 4 | D22: 50 | E22: 200 | H22: (1) per classroom
A23: 1.5.2 | B23: Vestibule | C23: 4 | D23: 50 | E23: 200 | H23: connecting classrooms/RRs
C26: Total Dept Area | E26: 19000 | F26: Total Student Stations | G26: 320
A28: 2 | B28: Core Curricula - Labs | I28: LS roundtable suggested a science lab? Could this be accommodated in the commons?
A29: 2.1 | B29: Art | C29: 1 | D29: 1000 | E29: 1000 | H29: Relocated from Raymund, similar size | I29: more about a project space for exploration
A30: 2.1.1 | B30: Storage | C30: 1 | D30: 250 | E30: 250
A31: 2.1.2 | B31: Student Restroom | C31: 1 | D31: 50 | E31: 50
A32: 2.1.3 | B32: Kiln | C32: 1 | D32: 125 | E32: 125 | H32: (1) kiln for LS
C34: Total Dept Area | E34: 1425 | F34: Total Student Stations | G34: 0
A36: 3 | B36: Core- Curricula - Specials | I36: what specials do ES utilize? Would like to keep on first floor
A37: 3.1 | B37: Spanish/Language | C37: 2 | D37: 650 | E37: 1300 | H37: Relocated from Raymund/Manning, existing 500 SF is too small
A38: 3.2 | B38: Block Room | C38: 0 | D38: 500 | E38: 0 | H38: co-located in common area
A39: 3.3 | B39: Student Restroom | C39: 2 | D39: 50 | E39: 100 | H39: shared amongst specials, if adjacency allows
A40: 3.4 | B40: Life Skills | C40: 0 | D40: 500 | E40: 0 | H40: kitchen, co-located with common area; want to be able to cook with children
A41: 3.5 | B41: STEAM | C41: 1 | D41: 1100 | E41: 1100 | H41: Spark Lab; (4)th Alpha location match that SF
A42: 3.5.1 | B42: Storage | C42: 1 | D42: 150 | E42: 150
A43: 3.6 | B43: Makerspace | C43: 1 | D43: 650 | E43: 650
A44: 3.6.1 | B44: Storage | C44: 1 | D44: 150 | E44: 150
C47: Total Dept Area | E47: 3450 | F47: Total Student Stations | G47: 0
A49: 4 | B49: Noncore Curricula Instructional Support
A50: 4.1 | B50: Common Area | C50: 5 | D50: 775 | E50: 3875 | H50: (1) per grade level; possibly interconnected to create central atrium; Pull out wet spaces?
A51: 4.2 | B51: Grade Level Storage | C51: 5 | D51: 250 | E51: 1250 | H51: (1) per grade level
A52: 4.3 | B52: Teacher Planning/Workroom | C52: 5 | D52: 300 | E52: 1500 | H52: (1) per grade level; like existing Jack&Jill connection
A53: 4.4 | B53: Community Collab | C53: 0 | D53: 1500 | E53: 0
A54: 4.5 | B54: Multipurpose Room | C54: 1 | D54: 1200 | E54: 1200 | H54: possible operable partition to split into two classrooms if needed; may increase in size to consider the LS classroom module
C58: Total Dept Area | E58: 7825 | F58: Total Student Stations | G58: 0
A60: 5 | B60: Music
A61: 5.1 | B61: Music | C61: 1 | D61: 1000 | E61: 1000 | H61: Relocated from Raymund, similar size
A62: 5.1.1 | B62: Storage | C62: 1 | D62: 300 | E62: 300
A63: 5.1.2 | B63: Student Restroom | C63: 1 | D63: 50 | E63: 50
C66: Total Dept Area | E66: 1350 | F66: Total Student Stations | G66: 0
A68: 6 | B68: Athletics
A69: 6.1 | B69: Mini-Gym | C69: 1 | D69: 4000 | E69: 4000 | H69: previous mini-gym was small, ceiling was low; would like to fit a grade level
A70: 6.1.1 | B70: Storage | C70: 1 | D70: 400 | E70: 400
A71: 6.1.2 | B71: Office | C71: 4 | D71: 125 | E71: 500 | H71: large space for all (4), or (2) for (2)
A72: 6.1.3 | B72: Storage - Aux Programs | C72: 1 | D72: 400 | E72: 400 | H72: mostly function in LS/ES classrooms or mini-gym
C75: Total Dept Area | E75: 5300 | F75: Total Student Stations | G75: 0
A77: 7 | B77: Administration/Student Services
A78: 7.1 | B78: General Admin Reception | C78: 1 | D78: 17 | E78: 298 | H78: 5% cap
A79: 7.1.1 | B79: Administrative Storage | C79: 1 | D79: 100 | E79: 100
A80: 7.2 | B80: LS Head | C80: 1 | D80: 200 | E80: 200 | H80: (8) max for a meeting
A81: 7.3 | B81: Office | C81: 4 | D81: 125 | E81: 500 | H81: LS administration
A82: 7.4 | B82: Conference Room | C82: 1 | D82: 250 | E82: 250 | H82: slightly larger than existing
A83: 7.5 | B83: LS Counselor | C83: 2 | D83: 175 | E83: 350 | H83: Manning space is ~500sf
A84: 7.5.1 | B84: Resource | C84: 1 | D84: 500 | E84: 500 | H84: go as an entire class, she will go get students one-on-one; more central location for teachers to reduce travel time
A85: 7.6 | B85: Curriculum room | C85: 1 | D85: 300 | E85: 300
A86: 7.7 | B86: Staff Restroom | C86: 2 | D86: 50 | E86: 100
A87: 7.8 | B87: Workroom/Break | C87: 1 | D87: 400 | E87: 400
A88: 7.8.1 | B88: Wellness Room | C88: 1 | D88: 120 | E88: 120
A89: 7.9 | B89: Clinic | C89: 1 | D89: 500 | E89: 500 | H89: Relocated from CC; existing 420sf; move to Lower School, keep centrally located; have both interior and exterior access
A90: 7.9.1 | B90: Student Restroom | C90: 1 | D90: 100 | E90: 100 | H90: include shower
A91: 7.9.2 | B91: Security Office | C91: 1 | D91: 125 | E91: 125 | H91: exterior access; works closely with the clinic; centrally located for fastest response time to any area of campus
A92: 7.1 | B92: CAE Workroom/Shared Resource | C92: 1 | D92: 500 | E92: 500 | H92: CAE; can be the same as 7.10
A93: 7.10.1 | B93: Office | C93: 3 | D93: 125 | E93: 375 | H93: CAE; Learning Specialists
A94: 7.11 | B94: Homework Lab | C94: 0 | D94: 500 | E94: 0 | H94: Can this be the CAE workroom/shared resource space?
A95: 7.11.1 | B95: Tutoring | C95: 6 | D95: 100 | E95: 600 | H95: CAE; located adjacent to 7.11; Jennifer verified count
A96: 7.12 | B96: Speech | C96: 2 | D96: 125 | E96: 250 | H96: CAE; ES uses this next most. would like additional offices in ES | I96: plan for ES to have space within current LS library
A97: 7.13 | B97: OT | C97: 1 | D97: 300 | E97: 300 | H97: CAE; ES uses this the most; ideally (2) separate spaces for LS and ES, but could be smaller. would like additional space in ES | I97: plan for ES to have space within current LS library
A98: 7.13.1 | B98: Storage | C98: 1 | D98: 100 | E98: 100 | H98: CAE
A99: 7.13.2 | B99: Student Restroom | C99: 1 | D99: 50 | E99: 50 | H99: CAE
A100: 7.14 | B100: Reading Specialist | C100: 1 | D100: 300 | E100: 300 | H100: need a kidney table for 5-6 students and desk/storage
C103: Total Dept Area | E103: 6318 | F103: Total Student Stations | G103: 0
A105: 8 | B105: Dining/Student Services | H105: NOT IN PROGRAM
C109: Total Dept Area | E109: 0 | F109: Total Student Stations | G109: 0
A111: 9 | B111: Media
A112: 9.1 | B112: Open Stack | C112: 1 | D112: 2000 | E112: 2000 | H112: Relocated from CC; space for 20,000 book collection; existing used as library ~1200sf
A113: 9.1.1 | B113: Office | C113: 1 | D113: 125 | E113: 125 | H113: needs to be separate from processing due to volunteers
A114: 9.1.2 | B114: Tech Processing | C114: 1 | D114: 250 | E114: 250 | H114: match Raymund's relationship of circulation desk/tech processing/office
A115: 9.1.3 | B115: Storage | C115: 1 | D115: 150 | E115: 150
A116: 9.1.4 | B116: Student Restroom | C116: 1 | D116: 50 | E116: 50
C120: Total Dept Area | E120: 2575 | F120: Total Student Stations | G120: 0
A122: 8 | B122: Custodial/Building Support
A123: 8.1 | B123: Custodial Closet | C123: 4 | D123: 70 | E123: 280 | H123: located max 150'; qty to be verified
A124: 8.2 | B124: Staff Restroom | C124: 4 | D124: 50 | E124: 200 | H124: (2) individual per floor
A125: 8.3 | B125: Student Restroom | C125: 2 | D125: 50 | E125: 100 | H125: outdoor adjacent to playground
A126: 8.4 | B126: Custodial Hub | C126: 1 | D126: 250 | E126: 250 | H126: 1st floor location
A127: 8.5 | B127: Building Maintenance Storage | C127: 2 | D127: 150 | E127: 300 | H127: (1) per floor
C130: Total Dept Area | E130: 1130 | F130: Total Student Stations | G130: 0
C132: Grand Net Area | E132: 48373 | F132: Total Student Stations | G132: 320 | H132: approx. 30,000sf at 2nd FL CC if everything removed | I132: new building could be small enough for Raymund to remain if we connect to Charger with a bridge
E133: Net Sq Ft | I133: could change Raymund back into LS Library/Specials Hub
...

Sheet ProgramInfo
A1: Dept No | B1: Program Element | C1: Room Qty/ Units | D1: Net SF/ Units | E1: Total Program SF | F1: Design Capacity / Student Stations | G1: Total Stations | H1: Notes/Comments | I1: Conn. Primary | J1: Flr | K1: Color | L1: Color RGB | M1: Shared Access | N1: Room Width Min. | O1: Aspect Ratio
A2: {=ProjectSheet!A9:H24} -> 1.1 | B2: Classroom - K | C2: 4 | D2: 850 | E2: 3400 | F2: 16 | G2: 64 | H2: Relocated from Manning, smaller size (existing ~800sf); first floor | I2: 1.2 | J2: 1 | L2: {=findcolor(K2,"rgb")} -> 255, 255, 255 | O2: 1 to 1
A3: 1.1.1 | B3: Restroom | C3: 4 | D3: 50 | E3: 200 | F3: 0 | G3: 0 | H3: (1) per classroom | I3: 1.1 | J3: 1 | L3: {=findcolor(K3,"rgb")} -> 255, 255, 255 | M3: x | N3: 5 | O3: None
A4: 1.1.2 | B4: Vestibule | C4: 4 | D4: 50 | E4: 200 | F4: 0 | G4: 0 | H4: connecting classrooms/RRs | I4: 1.1.1 | J4: 1 | L4: {=findcolor(K4,"rgb")} -> 255, 255, 255 | M4: x
A5: 1.2 | B5: Classroom - 1 | C5: 4 | D5: 850 | E5: 3400 | F5: 16 | G5: 64 | H5: Relocated from Manning, smaller size (existing ~850sf); first floor | I5: 1.3 | J5: 1 | L5: {=findcolor(K5,"rgb")} -> 255, 255, 255 | O5: 1 to 1
A6: 1.2.1 | B6: Restroom | C6: 4 | D6: 50 | E6: 200 | F6: 0 | G6: 0 | H6: (1) per classroom | I6: 1.2 | J6: 1 | L6: {=findcolor(K6,"rgb")} -> 255, 255, 255 | M6: x
A7: 1.2.2 | B7: Vestibule | C7: 4 | D7: 50 | E7: 200 | F7: 0 | G7: 0 | H7: connecting classrooms/RRs | I7: 1.2.1 | J7: 1 | L7: {=findcolor(K7,"rgb")} -> 255, 255, 255 | M7: x
A8: 1.3 | B8: Classroom - 2 | C8: 4 | D8: 850 | E8: 3400 | F8: 16 | G8: 64 | H8: Relocated from Manning, similar size | I8: 1.4 | J8: 1 | L8: {=findcolor(K8,"rgb")} -> 255, 255, 255
A9: 1.3.1 | B9: Restroom | C9: 4 | D9: 50 | E9: 200 | F9: 0 | G9: 0 | H9: (1) per classroom | I9: 1.3 | J9: 1 | L9: {=findcolor(K9,"rgb")} -> 255, 255, 255 | M9: x
A10: 1.3.2 | B10: Vestibule | C10: 4 | D10: 50 | E10: 200 | F10: 0 | G10: 0 | H10: connecting classrooms/RRs | I10: 1.3.1 | J10: 1 | L10: {=findcolor(K10,"rgb")} -> 255, 255, 255 | M10: x
A11: 1.4 | B11: Classroom - 3 | C11: 4 | D11: 850 | E11: 3400 | F11: 16 | G11: 64 | H11: Relocated from Manning, similar size | I11: 1.5 | L11: {=findcolor(K11,"rgb")} -> 255, 255, 255
A12: 1.4.1 | B12: Restroom | C12: 4 | D12: 50 | E12: 200 | F12: 0 | G12: 0 | H12: (1) per classroom | I12: 1.4 | L12: {=findcolor(K12,"rgb")} -> 255, 255, 255 | M12: x
A13: 1.4.2 | B13: Vestibule | C13: 4 | D13: 50 | E13: 200 | F13: 0 | G13: 0 | H13: connecting classrooms/RRs | I13: 1.4.1 | L13: {=findcolor(K13,"rgb")} -> 255, 255, 255 | M13: x
A14: 1.5 | B14: Classroom - 4 | C14: 4 | D14: 850 | E14: 3400 | F14: 16 | G14: 64 | H14: Relocated from Manning, similar size | I14: 1.1 | L14: {=findcolor(K14,"rgb")} -> 255, 255, 255
A15: 1.5.1 | B15: Restroom | C15: 4 | D15: 50 | E15: 200 | F15: 0 | G15: 0 | H15: (1) per classroom | I15: 1.5 | L15: {=findcolor(K15,"rgb")} -> 255, 255, 255 | M15: x
A16: 1.5.2 | B16: Vestibule | C16: 4 | D16: 50 | E16: 200 | F16: 0 | G16: 0 | H16: connecting classrooms/RRs | I16: 1.5.1 | L16: {=findcolor(K16,"rgb")} -> 255, 255, 255 | M16: x
A17: 0 | B17: 0 | C17: 0 | D17: 0 | E17: 0 | F17: 0 | G17: 0 | H17: 0 | I17: 0 | J17: 0 | L17: {=findcolor(K17,"rgb")} -> 255, 255, 255
A18: {=ProjectSheet!A29:H33} -> 2.1 | B18: Art | C18: 1 | D18: 1000 | E18: 1000 | F18: 0 | G18: 0 | H18: Relocated from Raymund, similar size | I18: 1.4 | L18: {=findcolor(K18,"rgb")} -> 255, 255, 255
A19: 2.1.1 | B19: Storage | C19: 1 | D19: 250 | E19: 250 | F19: 0 | G19: 0 | H19: 0 | I19: 2.1 | L19: {=findcolor(K19,"rgb")} -> 255, 255, 255 | M19: x
A20: 2.1.2 | B20: Student Restroom | C20: 1 | D20: 50 | E20: 50 | F20: 0 | G20: 0 | H20: 0 | I20: 2.1 | L20: {=findcolor(K20,"rgb")} -> 255, 255, 255 | M20: x
A21: 2.1.3 | B21: Kiln | C21: 1 | D21: 125 | E21: 125 | F21: 0 | G21: 0 | H21: (1) kiln for LS | I21: 2.1 | L21: {=findcolor(K21,"rgb")} -> 255, 255, 255 | M21: x
A22: 0 | B22: 0 | C22: 0 | D22: 0 | E22: 0 | F22: 0 | G22: 0 | H22: 0 | I22: 0 | L22: {=findcolor(K22,"rgb")} -> 255, 255, 255
A23: {=ProjectSheet!A37:H45} -> 3.1 | B23: Spanish/Language | C23: 2 | D23: 650 | E23: 1300 | F23: 0 | G23: 0 | H23: Relocated from Raymund/Manning, existing 500 SF is too small | I23: 1.5 | L23: {=findcolor(K23,"rgb")} -> 255, 255, 255
A24: 3.2 | B24: Block Room | C24: 0 | D24: 500 | E24: 0 | F24: 0 | G24: 0 | H24: co-located in common area | I24: 3.1 | L24: {=findcolor(K24,"rgb")} -> 255, 255, 255
A25: 3.3 | B25: Student Restroom | C25: 2 | D25: 50 | E25: 100 | F25: 0 | G25: 0 | H25: shared amongst specials, if adjacency allows | I25: 3.1 | L25: {=findcolor(K25,"rgb")} -> 255, 255, 255
A26: 3.4 | B26: Life Skills | C26: 0 | D26: 500 | E26: 0 | F26: 0 | G26: 0 | H26: kitchen, co-located with common area; want to be able to cook with children | I26: 1.3 | L26: {=findcolor(K26,"rgb")} -> 255, 255, 255
A27: 3.5 | B27: STEAM | C27: 1 | D27: 1100 | E27: 1100 | F27: 0 | G27: 0 | H27: Spark Lab; (4)th Alpha location match that SF | I27: 1.2 | L27: {=findcolor(K27,"rgb")} -> 255, 255, 255
A28: 3.5.1 | B28: Storage | C28: 1 | D28: 150 | E28: 150 | F28: 0 | G28: 0 | H28: 0 | I28: 3.5 | L28: {=findcolor(K28,"rgb")} -> 255, 255, 255 | M28: x
A29: 3.6 | B29: Makerspace | C29: 1 | D29: 650 | E29: 650 | F29: 0 | G29: 0 | H29: 0 | I29: 1.5 | L29: {=findcolor(K29,"rgb")} -> 255, 255, 255
A30: 3.6.1 | B30: Storage | C30: 1 | D30: 150 | E30: 150 | F30: 0 | G30: 0 | H30: 0 | I30: 3.6 | L30: {=findcolor(K30,"rgb")} -> 255, 255, 255 | M30: x
A31: 0 | B31: 0 | C31: 0 | D31: 0 | E31: 0 | F31: 0 | G31: 0 | H31: 0 | I31: 0 | L31: {=findcolor(K31,"rgb")} -> 255, 255, 255
A32: {=ProjectSheet!A50:H55} -> 4.1 | B32: Common Area | C32: 5 | D32: 775 | E32: 3875 | F32: 0 | G32: 0 | H32: (1) per grade level; possibly interconnected to create central atrium; Pull out wet spaces? | I32: 1.1 | L32: {=findcolor(K32,"rgb")} -> 255, 255, 255
A33: 4.2 | B33: Grade Level Storage | C33: 5 | D33: 250 | E33: 1250 | F33: 0 | G33: 0 | H33: (1) per grade level | I33: 1.2 | L33: {=findcolor(K33,"rgb")} -> 255, 255, 255
A34: 4.3 | B34: Teacher Planning/Workroom | C34: 5 | D34: 300 | E34: 1500 | F34: 0 | G34: 0 | H34: (1) per grade level; like existing Jack&Jill connection | I34: 1.3 | L34: {=findcolor(K34,"rgb")} -> 255, 255, 255
A35: 4.4 | B35: Community Collab | C35: 0 | D35: 1500 | E35: 0 | F35: 0 | G35: 0 | H35: 0 | I35: 1.4 | L35: {=findcolor(K35,"rgb")} -> 255, 255, 255
A36: 4.5 | B36: Multipurpose Room | C36: 1 | D36: 1200 | E36: 1200 | F36: 0 | G36: 0 | H36: possible operable partition to split into two classrooms if needed; may increase in size to consider the LS classroom module | I36: 4.3 | L36: {=findcolor(K36,"rgb")} -> 255, 255, 255
A37: 0 | B37: 0 | C37: 0 | D37: 0 | E37: 0 | F37: 0 | G37: 0 | H37: 0 | I37: 0 | L37: {=findcolor(K37,"rgb")} -> 255, 255, 255
A38: {=ProjectSheet!A61:H64} -> 5.1 | B38: Music | C38: 1 | D38: 1000 | E38: 1000 | F38: 0 | G38: 0 | H38: Relocated from Raymund, similar size | I38: 1.1 | L38: {=findcolor(K38,"rgb")} -> 255, 255, 255
A39: 5.1.1 | B39: Storage | C39: 1 | D39: 300 | E39: 300 | F39: 0 | G39: 0 | H39: 0 | I39: 5.1 | L39: {=findcolor(K39,"rgb")} -> 255, 255, 255 | M39: x
A40: 5.1.2 | B40: Student Restroom | C40: 1 | D40: 50 | E40: 50 | F40: 0 | G40: 0 | H40: 0 | I40: 5.1 | L40: {=findcolor(K40,"rgb")} -> 255, 255, 255 | M40: x
A41: 0 | B41: 0 | C41: 0 | D41: 0 | E41: 0 | F41: 0 | G41: 0 | H41: 0 | I41: 0 | L41: {=findcolor(K41,"rgb")} -> 255, 255, 255
A42: {=ProjectSheet!A69:H73} -> 6.1 | B42: Mini-Gym | C42: 1 | D42: 4000 | E42: 4000 | F42: 0 | G42: 0 | H42: previous mini-gym was small, ceiling was low; would like to fit a grade level | I42: 4.1 | J42: 1 | L42: {=findcolor(K42,"rgb")} -> 255, 255, 255
A43: 6.1.1 | B43: Storage | C43: 1 | D43: 400 | E43: 400 | F43: 0 | G43: 0 | H43: 0 | I43: 6.1 | J43: 1 | L43: {=findcolor(K43,"rgb")} -> 255, 255, 255 | M43: x
A44: 6.1.2 | B44: Office | C44: 4 | D44: 125 | E44: 500 | F44: 0 | G44: 0 | H44: large space for all (4), or (2) for (2) | I44: 6.1 | J44: 1 | L44: {=findcolor(K44,"rgb")} -> 255, 255, 255
A45: 6.1.3 | B45: Storage - Aux Programs | C45: 1 | D45: 400 | E45: 400 | F45: 0 | G45: 0 | H45: mostly function in LS/ES classrooms or mini-gym | I45: 6.1 | L45: {=findcolor(K45,"rgb")} -> 255, 255, 255 | M45: x
A46: 0 | B46: 0 | C46: 0 | D46: 0 | E46: 0 | F46: 0 | G46: 0 | H46: 0 | I46: 0 | L46: {=findcolor(K46,"rgb")} -> 255, 255, 255
A47: {=ProjectSheet!A78:H101} -> 7.1 | B47: General Admin Reception | C47: 1 | D47: 17 | E47: 298 | F47: 0 | G47: 0 | H47: 5% cap | I47: 4.1 | J47: 1 | L47: {=findcolor(K47,"rgb")} -> 255, 255, 255
A48: 7.1.1 | B48: Administrative Storage | C48: 1 | D48: 100 | E48: 100 | F48: 0 | G48: 0 | H48: 0 | I48: 7.1 | J48: 1 | L48: {=findcolor(K48,"rgb")} -> 255, 255, 255
A49: 7.2 | B49: LS Head | C49: 1 | D49: 200 | E49: 200 | F49: 0 | G49: 0 | H49: (8) max for a meeting | I49: 7.3 | J49: 1 | L49: {=findcolor(K49,"rgb")} -> 255, 255, 255
A50: 7.3 | B50: Office | C50: 4 | D50: 125 | E50: 500 | F50: 0 | G50: 0 | H50: LS administration | I50: 7.4 | J50: 1 | L50: {=findcolor(K50,"rgb")} -> 255, 255, 255
A51: 7.4 | B51: Conference Room | C51: 1 | D51: 250 | E51: 250 | F51: 0 | G51: 0 | H51: slightly larger than existing | I51: 7.1 | J51: 1 | L51: {=findcolor(K51,"rgb")} -> 255, 255, 255
A52: 7.5 | B52: LS Counselor | C52: 2 | D52: 175 | E52: 350 | F52: 0 | G52: 0 | H52: Manning space is ~500sf | I52: 7.2 | J52: 1 | L52: {=findcolor(K52,"rgb")} -> 255, 255, 255
A53: 7.5.1 | B53: Resource | C53: 1 | D53: 500 | E53: 500 | F53: 0 | G53: 0 | H53: go as an entire class, she will go get students one-on-one; more central location for teachers to reduce travel time | I53: 7.5 | J53: 1 | L53: {=findcolor(K53,"rgb")} -> 255, 255, 255 | M53: x
A54: 7.6 | B54: Curriculum room | C54: 1 | D54: 300 | E54: 300 | F54: 0 | G54: 0 | H54: 0 | I54: 4.3 | J54: 1 | L54: {=findcolor(K54,"rgb")} -> 255, 255, 255
A55: 7.7 | B55: Staff Restroom | C55: 2 | D55: 50 | E55: 100 | F55: 0 | G55: 0 | H55: 0 | I55: 7.6 | J55: 1 | L55: {=findcolor(K55,"rgb")} -> 255, 255, 255
A56: 7.8 | B56: Workroom/Break | C56: 1 | D56: 400 | E56: 400 | F56: 0 | G56: 0 | H56: 0 | I56: 7.7 | J56: 1 | L56: {=findcolor(K56,"rgb")} -> 255, 255, 255
A57: 7.8.1 | B57: Wellness Room | C57: 1 | D57: 120 | E57: 120 | F57: 0 | G57: 0 | H57: 0 | I57: 7.8 | J57: 1 | L57: {=findcolor(K57,"rgb")} -> 255, 255, 255
A58: 7.9 | B58: Clinic | C58: 1 | D58: 500 | E58: 500 | F58: 0 | G58: 0 | H58: Relocated from CC; existing 420sf; move to Lower School, keep centrally located; have both interior and exterior access | I58: 1.1 | J58: 1 | L58: {=findcolor(K58,"rgb")} -> 255, 255, 255
A59: 7.9.1 | B59: Student Restroom | C59: 1 | D59: 100 | E59: 100 | F59: 0 | G59: 0 | H59: include shower | I59: 7.9 | J59: 1 | L59: {=findcolor(K59,"rgb")} -> 255, 255, 255 | M59: x
A60: 7.9.2 | B60: Security Office | C60: 1 | D60: 125 | E60: 125 | F60: 0 | G60: 0 | H60: exterior access; works closely with the clinic; centrally located for fastest response time to any area of campus | I60: 7.9 | J60: 1 | L60: {=findcolor(K60,"rgb")} -> 255, 255, 255
A61: 7.1 | B61: CAE Workroom/Shared Resource | C61: 1 | D61: 500 | E61: 500 | F61: 0 | G61: 0 | H61: CAE; can be the same as 7.10 | I61: 1.2 | J61: 1 | L61: {=findcolor(K61,"rgb")} -> 255, 255, 255
A62: 7.10.1 | B62: Office | C62: 3 | D62: 125 | E62: 375 | F62: 0 | G62: 0 | H62: CAE; Learning Specialists | I62: 7.1 | J62: 1 | L62: {=findcolor(K62,"rgb")} -> 255, 255, 255
A63: 7.11 | B63: Homework Lab | C63: 0 | D63: 500 | E63: 0 | F63: 0 | G63: 0 | H63: Can this be the CAE workroom/shared resource space? | I63: 1.3 | L63: {=findcolor(K63,"rgb")} -> 255, 255, 255
A64: 7.11.1 | B64: Tutoring | C64: 6 | D64: 100 | E64: 600 | F64: 0 | G64: 0 | H64: CAE; located adjacent to 7.11; Jennifer verified count | I64: 7.11 | L64: {=findcolor(K64,"rgb")} -> 255, 255, 255
A65: 7.12 | B65: Speech | C65: 2 | D65: 125 | E65: 250 | F65: 0 | G65: 0 | H65: CAE; ES uses this next most. would like additional offices in ES | I65: 1.1 | L65: {=findcolor(K65,"rgb")} -> 255, 255, 255
A66: 7.13 | B66: OT | C66: 1 | D66: 300 | E66: 300 | F66: 0 | G66: 0 | H66: CAE; ES uses this the most; ideally (2) separate spaces for LS and ES, but could be smaller. would like additional space in ES | I66: 1.2 | L66: {=findcolor(K66,"rgb")} -> 255, 255, 255
A67: 7.13.1 | B67: Storage | C67: 1 | D67: 100 | E67: 100 | F67: 0 | G67: 0 | H67: CAE | I67: 7.13 | L67: {=findcolor(K67,"rgb")} -> 255, 255, 255 | M67: x
A68: 7.13.2 | B68: Student Restroom | C68: 1 | D68: 50 | E68: 50 | F68: 0 | G68: 0 | H68: CAE | I68: 7.13 | L68: {=findcolor(K68,"rgb")} -> 255, 255, 255
A69: 7.14 | B69: Reading Specialist | C69: 1 | D69: 300 | E69: 300 | F69: 0 | G69: 0 | H69: need a kidney table for 5-6 students and desk/storage | I69: 1.2 | L69: {=findcolor(K69,"rgb")} -> 255, 255, 255
A70: 0 | B70: 0 | C70: 0 | D70: 0 | E70: 0 | F70: 0 | G70: 0 | H70: 0 | I70: 0 | L70: {=findcolor(K70,"rgb")} -> 255, 255, 255
A71: {=ProjectSheet!A112:H117} -> 9.1 | B71: Open Stack | C71: 1 | D71: 2000 | E71: 2000 | F71: 0 | G71: 0 | H71: Relocated from CC; space for 20,000 book collection; existing used as library ~1200sf | I71: 4.1 | L71: {=findcolor(K71,"rgb")} -> 255, 255, 255
A72: 9.1.1 | B72: Office | C72: 1 | D72: 125 | E72: 125 | F72: 0 | G72: 0 | H72: needs to be separate from processing due to volunteers | I72: 9.1 | L72: {=findcolor(K72,"rgb")} -> 255, 255, 255 | M72: x
A73: 9.1.2 | B73: Tech Processing | C73: 1 | D73: 250 | E73: 250 | F73: 0 | G73: 0 | H73: match Raymund's relationship of circulation desk/tech processing/office | I73: 9.1 | L73: {=findcolor(K73,"rgb")} -> 255, 255, 255 | M73: x
A74: 9.1.3 | B74: Storage | C74: 1 | D74: 150 | E74: 150 | F74: 0 | G74: 0 | H74: 0 | I74: 9.1 | L74: {=findcolor(K74,"rgb")} -> 255, 255, 255 | M74: x
A75: 9.1.4 | B75: Student Restroom | C75: 1 | D75: 50 | E75: 50 | F75: 0 | G75: 0 | H75: 0 | I75: 9.1 | L75: {=findcolor(K75,"rgb")} -> 255, 255, 255 | M75: x
A76: 0 | B76: 0 | C76: 0 | D76: 0 | E76: 0 | F76: 0 | G76: 0 | H76: 0 | I76: 0 | L76: {=findcolor(K76,"rgb")} -> 255, 255, 255
A77: {=ProjectSheet!A123:H128} -> 8.1 | B77: Custodial Closet | C77: 4 | D77: 70 | E77: 280 | F77: 0 | G77: 0 | H77: located max 150'; qty to be verified | I77: 6.1 | L77: {=findcolor(K77,"rgb")} -> 255, 255, 255
A78: 8.2 | B78: Staff Restroom | C78: 4 | D78: 50 | E78: 200 | F78: 0 | G78: 0 | H78: (2) individual per floor | I78: 7.1 | L78: {=findcolor(K78,"rgb")} -> 255, 255, 255
A79: 8.3 | B79: Student Restroom | C79: 2 | D79: 50 | E79: 100 | F79: 0 | G79: 0 | H79: outdoor adjacent to playground | I79: 4.1 | L79: {=findcolor(K79,"rgb")} -> 255, 255, 255
A80: 8.4 | B80: Custodial Hub | C80: 1 | D80: 250 | E80: 250 | F80: 0 | G80: 0 | H80: 1st floor location | I80: 8.1 | J80: 1 | L80: {=findcolor(K80,"rgb")} -> 255, 255, 255
A81: 8.5 | B81: Building Maintenance Storage | C81: 2 | D81: 150 | E81: 300 | F81: 0 | G81: 0 | H81: (1) per floor | I81: 8.1 | J81: 1 | L81: {=findcolor(K81,"rgb")} -> 255, 255, 255 | M81: x
A82: 0 | B82: 0 | C82: 0 | D82: 0 | E82: 0 | F82: 0 | G82: 0 | H82: 0 | I82: 0 | L82: {=findcolor(K82,"rgb")} -> 255, 255, 255

Sheet ProjectInfo
A1: Project Name | B1: =ProjectSheet!B1 -> Lower School Concept Design
A2: Project Address
A3: General Project Boundary
